"Profile.URL","rating","Username","Number.of.posts","Number.of.people.they.follow","Number.of.followers","has_profile_picture","Private.account"
"https://instagram.com/__saaraa._","False","__saaraa._",0,198,177,"True",True
"https://instagram.com/_alex.ti","False","_alex.ti",30,272,174,"True",True
"https://instagram.com/_eldoce","False","_eldoce",5,61,79,"True",True
"https://instagram.com/aashwarya","False","aashwarya",213,1430,1323,"True",True
"https://instagram.com/acelyacaar","False","acelyacaar",14,288,308,"True",True
"https://instagram.com/angelof83","False","angelof83",25,389,288,"True",True
"https://instagram.com/aniket111999","False","aniket111999",23,143,154,"True",True
"https://instagram.com/baqirhshah","False","baqirhshah",74,106,100,"True",True
"https://instagram.com/biancadellacastafiore","True","biancadellacastafiore",94,238,0,"True",True
"https://instagram.com/chloe_daviet","False","chloe_daviet",5,372,409,"True",True
"https://instagram.com/ernestovalverde6609","True","ernestovalverde6609",0,601,18,"False",True
"https://instagram.com/ex_utero","False","ex_utero",147,587,408,"True",True
"https://instagram.com/fashionista_claudia","False","fashionista_claudia",2515,1696,6952,"True",True
"https://instagram.com/gammagaby","False","gammagaby",3,33,17,"True",True
"https://instagram.com/grimopolis","False","grimopolis",0,1064,32,"False",True
"https://instagram.com/hripsime.sargayan","False","hripsime.sargayan",43,57,77,"True",True
"https://instagram.com/jaumelopez15","False","jaumelopez15",43,200,88,"True",True
"https://instagram.com/jessica_mkr","False","jessica_mkr",16,432,58,"True",True
"https://instagram.com/josefineclind","False","josefineclind",132,530,1261,"True",True
"https://instagram.com/lecaramel84","False","lecaramel84",202,5730,912,"True",True
"https://instagram.com/lenawgl","False","lenawgl",9,87,284,"True",True
"https://instagram.com/marcellesereia","False","marcellesereia",47,97,199,"True",True
"https://instagram.com/martahebu","False","martahebu",280,1578,174,"True",True
"https://instagram.com/marwanm7modd","False","marwanm7modd",40,180,363,"True",True
"https://instagram.com/maudsrd","False","maudsrd",62,218,122,"True",True
"https://instagram.com/meryamnuriyeva","False","meryamnuriyeva",60,616,209,"True",True
"https://instagram.com/nana_m.f","False","nana_m.f",5,221,0,"True",True
"https://instagram.com/narimanbarbiche","False","narimanbarbiche",0,184,310,"True",True
"https://instagram.com/nathanbouchere","False","nathanbouchere",5,32,22,"True",True
"https://instagram.com/nelahu","False","nelahu",42,168,109,"True",True
"https://instagram.com/ninathony","False","ninathony",16,68,44,"True",True
"https://instagram.com/penghuihong98","False","penghuihong98",1,209,33,"True",True
"https://instagram.com/pmamalea","False","pmamalea",6,69,55,"True",True
"https://instagram.com/rikedee","False","rikedee",0,224,585,"True",True
"https://instagram.com/rosa_fee","False","rosa_fee",61,256,234,"True",True
"https://instagram.com/sally_d_mousa","False","sally_d_mousa",11,297,93,"True",True
"https://instagram.com/sgrshma","False","sgrshma",11,1526,164,"True",True
"https://instagram.com/tyla.s.hancock","False","tyla.s.hancock",23,526,220,"True",True
"https://instagram.com/yaenu_lanz","False","yaenu_lanz",87,750,133,"True",True
"https://www.instagram.com/_cherryannh___","False","_cherryannh___",187,7461,1122,"True",False
"https://www.instagram.com/_fashion__girls__hub__","False","_fashion__girls__hub__",145,2665,516,"True",False
"https://www.instagram.com/_golden.kid_","False","_golden.kid_",15,1345,1715,"True",False
"https://www.instagram.com/_ingrid_k_","False","_ingrid_k_",75,176,221,"True",False
"https://www.instagram.com/_saracinoo","False","_saracinoo",5,580,158,"True",False
"https://www.instagram.com/179cmandup","False","179cmandup",329,4182,4265,"True",False
"https://www.instagram.com/9polkadots","False","9polkadots",58,464,181,"True",False
"https://www.instagram.com/aguamaniloficial","False","aguamaniloficial",136,2940,17876,"True",False
"https://www.instagram.com/ahmed_adan_mohamuud","False","ahmed_adan_mohamuud",12,2551,706,"True",False
"https://www.instagram.com/alanabalacco","False","alanabalacco",120,353,5604,"True",False
"https://www.instagram.com/alexandra999999","False","alexandra999999",0,129,7,"True",False
"https://www.instagram.com/anan_anan0312","False","anan_anan0312",8,124,98,"True",False
"https://www.instagram.com/andiarunakbar","False","andiarunakbar",154,1112,1073,"True",False
"https://www.instagram.com/anita.b.photography","False","anita.b.photography",364,7500,4754,"True",False
"https://www.instagram.com/anna.bagashvili","False","anna.bagashvili",208,170,6201,"True",False
"https://www.instagram.com/annasding","False","annasding",39,959,5651,"True",False
"https://www.instagram.com/annika_julie","False","annika_julie",11,649,390,"True",False
"https://www.instagram.com/ar_designofficial","False","ar_designofficial",1480,558,3432,"True",False
"https://www.instagram.com/ashleygoldston","False","ashleygoldston",133,560,3659,"True",False
"https://www.instagram.com/balkia.official","False","balkia.official",23,1484,365,"True",False
"https://www.instagram.com/bebeinteriordesign","False","bebeinteriordesign",453,3993,1129,"True",False
"https://www.instagram.com/besiktas_fashion","False","besiktas_fashion",135,585,137,"True",False
"https://www.instagram.com/britneychandreperkash","False","britneychandreperkash",136,610,682,"True",False
"https://www.instagram.com/brittiquefashion","False","brittiquefashion",102,2530,2197,"True",False
"https://www.instagram.com/bucklecasper475","False","bucklecasper475",1097,1206,1736,"True",False
"https://www.instagram.com/by_reisender","False","by_reisender",1217,5727,924,"True",False
"https://www.instagram.com/cameeadams","False","cameeadams",632,3486,4520,"True",False
"https://www.instagram.com/celinacarolin","False","celinacarolin",50,99,553,"True",False
"https://www.instagram.com/charles_frankivas","False","charles_frankivas",97,1624,395,"True",False
"https://www.instagram.com/chez.amelie","False","chez.amelie",392,439,10966,"True",False
"https://www.instagram.com/chiarasvevaponzone","False","chiarasvevaponzone",517,343,8365,"True",False
"https://www.instagram.com/christie.flores__","False","christie.flores__",89,1161,310,"True",False
"https://www.instagram.com/daccacaiaolga","True","daccacaiaolga",6,5151,1346,"True",False
"https://www.instagram.com/daventuree","False","daventuree",48,455,1017,"True",False
"https://www.instagram.com/dilekahin","False","dilekahin",398,3821,4348,"True",False
"https://www.instagram.com/dinnedusse","False","dinnedusse",18,193,33,"True",False
"https://www.instagram.com/elena_girligi","False","elena_girligi",37,584,6193,"True",False
"https://www.instagram.com/elenaxebony","False","elenaxebony",17,163,260,"True",False
"https://www.instagram.com/eleswims","False","eleswims",455,3299,26119,"True",False
"https://www.instagram.com/emy_divinelv","False","emy_divinelv",941,5600,1475,"True",False
"https://www.instagram.com/erlan_kenzhegaliev","False","erlan_kenzhegaliev",2,123,40,"True",False
"https://www.instagram.com/esenmacoro","False","esenmacoro",2,208,175,"True",False
"https://www.instagram.com/estervall93","False","estervall93",2,203,103,"True",False
"https://www.instagram.com/fabio_repupilli","False","fabio_repupilli",189,270,44583,"True",False
"https://www.instagram.com/fede_montanarl","False","fede_montanarl",64,566,376,"True",False
"https://www.instagram.com/ferhanalkisel","False","ferhanalkisel",11,6297,722,"True",False
"https://www.instagram.com/ferit_10","False","ferit_10",362,3680,14277,"True",False
"https://www.instagram.com/fernandohc98","False","fernandohc98",25,782,973,"True",False
"https://www.instagram.com/fibicloglambymel","False","fibicloglambymel",14,870,261,"True",False
"https://www.instagram.com/franklyn_mma","False","franklyn_mma",486,5539,1707,"True",False
"https://www.instagram.com/freshstylesalon","False","freshstylesalon",68,1011,175,"True",False
"https://www.instagram.com/fur_by_sd","False","fur_by_sd",868,2228,5799,"True",False
"https://www.instagram.com/gabrielle_dayer","False","gabrielle_dayer",246,1089,240,"True",False
"https://www.instagram.com/gdlife0","True","gdlife0",0,603,45,"True",False
"https://www.instagram.com/ghadoshka_98","False","ghadoshka_98",365,2288,441,"True",False
"https://www.instagram.com/giudittaghione","False","giudittaghione",555,1105,5682,"True",False
"https://www.instagram.com/globalpixxel","False","globalpixxel",568,557,1422,"True",False
"https://www.instagram.com/grafprince","False","grafprince",442,527,2004,"True",False
"https://www.instagram.com/guri_s.g","False","guri_s.g",222,824,2327,"True",False
"https://www.instagram.com/guxtavowarrior","False","guxtavowarrior",644,1439,595,"True",False
"https://www.instagram.com/happymum_schweiz","False","happymum_schweiz",73,914,394,"True",False
"https://www.instagram.com/hastens_harrods","False","hastens_harrods",42,488,188,"True",False
"https://www.instagram.com/ikramayabdja","False","ikramayabdja",37,496,206,"True",False
"https://www.instagram.com/instagraamd5094","True","instagraamd5094",0,2164,121,"True",False
"https://www.instagram.com/irinberdishian","False","irinberdishian",442,5383,4362,"True",False
"https://www.instagram.com/irisx1015","False","irisx1015",0,38,6,"True",False
"https://www.instagram.com/itsbarbaramensah","False","itsbarbaramensah",153,681,1192,"True",False
"https://www.instagram.com/jenny_skindeepart","False","jenny_skindeepart",196,578,710,"True",False
"https://www.instagram.com/jessy.crs","False","jessy.crs",99,371,246,"True",False
"https://www.instagram.com/juanchristiam","False","juanchristiam",4,2236,131,"True",False
"https://www.instagram.com/jularsdiary","False","jularsdiary",304,1288,26973,"True",False
"https://www.instagram.com/justabodybuilder","False","justabodybuilder",31,167,8844,"True",False
"https://www.instagram.com/justcatk","False","justcatk",140,59,237,"True",False
"https://www.instagram.com/karibra","False","karibra",213,938,371,"True",False
"https://www.instagram.com/karmanverdi","False","karmanverdi",114,416,22124,"True",False
"https://www.instagram.com/king_of_zurich","False","king_of_zurich",286,1730,16040,"True",False
"https://www.instagram.com/ladanielephant","False","ladanielephant",302,845,840,"True",False
"https://www.instagram.com/lancejohnson_","False","lancejohnson_",481,2687,13144,"True",False
"https://www.instagram.com/leventkpk","False","leventkpk",260,2890,4806,"True",False
"https://www.instagram.com/lifeofbila_","False","lifeofbila_",10,152,63,"True",False
"https://www.instagram.com/lili___z","False","lili___z",49,167,437,"True",False
"https://www.instagram.com/lisawalluschnig_","False","lisawalluschnig_",3,576,550,"True",False
"https://www.instagram.com/lojo7272","False","lojo7272",296,855,10832,"True",False
"https://www.instagram.com/lonvas","False","lonvas",68,7348,1024,"True",False
"https://www.instagram.com/lourdes_jim_hermon","False","lourdes_jim_hermon",40,6577,330,"True",False
"https://www.instagram.com/luca.bsu","False","luca.bsu",280,361,341,"True",False
"https://www.instagram.com/lynellestyle","False","lynellestyle",142,674,1441,"True",False
"https://www.instagram.com/mabdelgaber","False","mabdelgaber",108,98,37,"True",False
"https://www.instagram.com/magapat","False","magapat",0,37,16,"False",False
"https://www.instagram.com/malibuttner","False","malibuttner",1292,1389,1163,"True",False
"https://www.instagram.com/mariaagustinateijeiro","False","mariaagustinateijeiro",52,266,180,"True",False
"https://www.instagram.com/mariomario9536","False","mariomario9536",1,30,18,"True",False
"https://www.instagram.com/mark.chimera","False","mark.chimera",50,117,117,"True",False
"https://www.instagram.com/mary_saavedra","False","mary_saavedra",1000,1980,7838,"True",False
"https://www.instagram.com/mateostojkovicmicuda","False","mateostojkovicmicuda",4,448,107,"True",False
"https://www.instagram.com/mauro_pinna","False","mauro_pinna",101,203,6328,"True",False
"https://www.instagram.com/mcbeaute_","False","mcbeaute_",13,1385,1347,"True",False
"https://www.instagram.com/medha4843","False","medha4843",16,122,25,"True",False
"https://www.instagram.com/michellebeyeler","False","michellebeyeler",155,462,640,"True",False
"https://www.instagram.com/minamoodi","False","minamoodi",126,402,1147,"True",False
"https://www.instagram.com/mmcagentur","False","mmcagentur",311,553,334,"True",False
"https://www.instagram.com/moira_wonder","False","moira_wonder",24,80,45,"True",False
"https://www.instagram.com/mrsdada","False","mrsdada",411,3465,4476,"True",False
"https://www.instagram.com/music_kino_producer","False","music_kino_producer",811,2538,1181,"True",False
"https://www.instagram.com/n_blust","False","n_blust",0,22,23,"True",False
"https://www.instagram.com/nadzingl","False","nadzingl",0,12,3,"True",False
"https://www.instagram.com/nora.chadli","False","nora.chadli",21,180,840,"True",False
"https://www.instagram.com/nouraminicouture","False","nouraminicouture",888,821,4173,"True",False
"https://www.instagram.com/offgridhideaways","False","offgridhideaways",23,265,275,"True",False
"https://www.instagram.com/ohcua","False","ohcua",103,442,294,"True",False
"https://www.instagram.com/ohfashion222","True","ohfashion222",0,387,21,"True",False
"https://www.instagram.com/okiver_photography","False","okiver_photography",344,139,106,"True",False
"https://www.instagram.com/oo.romio.3","True","oo.romio.3",1,87,14,"True",False
"https://www.instagram.com/parisian_prep","False","parisian_prep",154,329,5617,"True",False
"https://www.instagram.com/patriciachacon","False","patriciachacon",129,807,1627,"True",False
"https://www.instagram.com/patrickfrey6164","False","patrickfrey6164",10,85,137,"True",False
"https://www.instagram.com/ph_guglic","False","ph_guglic",175,311,581,"True",False
"https://www.instagram.com/pretty.kristy","False","pretty.kristy",100,2556,2029,"True",False
"https://www.instagram.com/princo0716","False","princo0716",4,475,94,"True",False
"https://www.instagram.com/protebenaramky","False","protebenaramky",57,5949,955,"True",False
"https://www.instagram.com/rebwar_j","False","rebwar_j",182,6887,1258,"True",False
"https://www.instagram.com/s0urabhsethi","False","s0urabhsethi",53,761,3001,"True",False
"https://www.instagram.com/sabbir_mahamud","True","sabbir_mahamud",0,4584,269,"True",False
"https://www.instagram.com/sadek.hassan","False","sadek.hassan",61,366,2572,"True",False
"https://www.instagram.com/sainttropezshop","False","sainttropezshop",2648,453,1797,"True",False
"https://www.instagram.com/samirahaas_","False","samirahaas_",29,132,119,"True",False
"https://www.instagram.com/sanied75","False","sanied75",48,388,90,"True",False
"https://www.instagram.com/sbekturova","False","sbekturova",519,255,7085,"True",False
"https://www.instagram.com/sceptretowels","False","sceptretowels",254,1612,2216,"True",False
"https://www.instagram.com/schwarz__sarah","False","schwarz__sarah",8,63,48,"True",False
"https://www.instagram.com/selenaupdatedaily","False","selenaupdatedaily",284,557,348,"True",False
"https://www.instagram.com/sheluvstotravel","False","sheluvstotravel",85,1390,4687,"True",False
"https://www.instagram.com/shoplowcoststore","False","shoplowcoststore",83,1874,6228,"True",False
"https://www.instagram.com/simfloor","False","simfloor",1828,855,14101,"True",False
"https://www.instagram.com/simona_saiya","False","simona_saiya",30,334,427,"True",False
"https://www.instagram.com/slitatore","False","slitatore",1097,1845,785,"True",False
"https://www.instagram.com/soka.hong","False","soka.hong",5,139,16,"True",False
"https://www.instagram.com/sovintagechanel","False","sovintagechanel",866,7211,13957,"True",False
"https://www.instagram.com/sun_travelers","False","sun_travelers",123,3256,27970,"True",False
"https://www.instagram.com/swagatabera","False","swagatabera",86,1687,3110,"True",False
"https://www.instagram.com/sydneyfashionlife","False","sydneyfashionlife",547,743,5580,"True",False
"https://www.instagram.com/tabeasworld_","False","tabeasworld_",124,306,1137,"True",False
"https://www.instagram.com/thard_fit","False","thard_fit",36,509,166,"True",False
"https://www.instagram.com/the.skullcrusher","False","the.skullcrusher",4,113,112,"True",False
"https://www.instagram.com/thepeoplesponcho","False","thepeoplesponcho",272,2453,9587,"True",False
"https://www.instagram.com/thevitiligosociety","False","thevitiligosociety",58,962,532,"True",False
"https://www.instagram.com/thewindcriesmaria","False","thewindcriesmaria",36,288,161,"True",False
"https://www.instagram.com/tnotz","False","tnotz",17,30,32,"True",False
"https://www.instagram.com/travelboundcouple","False","travelboundcouple",52,1940,3301,"True",False
"https://www.instagram.com/unzila0714","False","unzila0714",254,632,983,"True",False
"https://www.instagram.com/waleri05","False","waleri05",30,400,136,"True",False
"https://www.instagram.com/whiteoutblue","False","whiteoutblue",1,554,88,"True",False
"https://www.instagram.com/wiz_mustapha","False","wiz_mustapha",203,6353,1207,"True",False
"https://www.instagram.com/yanniseberhard","False","yanniseberhard",55,538,867,"True",False
"https://www.instagram.com/younesgamrani","False","younesgamrani",41,3034,582,"True",False
"https://www.instagram.com/yu_stagram__2","False","yu_stagram__2",14,70,36,"True",False
"https://www.instagram.com/zive46","False","zive46",8,557,529,"True",False
"https://instagram.com/seema_angel4","False","seema_angel4",10,3984,320,"True",True
"https://instagram.com/urshuegli","False","urshuegli",0,23,6,"True",True
"https://instagram.com/nurrohmen6447","True","nurrohmen6447",1,2124,85,"True",True
"https://www.instagram.com/salih_bergin","True","salih_bergin",3,3802,352,"True",False
"https://www.instagram.com/majidab786.ma","True","majidab786.ma",26,6385,676,"True",False
"https://www.instagram.com/aalialasmr","True","aalialasmr",9,6026,529,"True",False
"https://www.instagram.com/hm.mufty","True","hm.mufty",0,6305,4082,"True",False
"https://www.instagram.com/sergiomunozmedina","False","sergiomunozmedina",1,955,63,"True",False
"https://instagram.com/tschuegg","False","tschuegg",17,182,135,"True",True
"https://www.instagram.com/wlydlfdshrb","True","wlydlfdshrb",228,6633,514,"True",False
"https://www.instagram.com/cesar.moura.127","True","cesar.moura.127",66,5429,618,"True",False
"https://www.instagram.com/jesus_1587","False","jesus_1587",96,962,460,"True",False
"https://www.instagram.com/jeffsworld__","False","jeffsworld__",234,2004,266,"True",False
"https://www.instagram.com/best.girl.style","False","best.girl.style",129,4232,2633,"True",False
"https://www.instagram.com/patricksigner","False","patricksigner",0,205,232,"True",False
"https://www.instagram.com/an.jungjin","False","an.jungjin",33,4081,568,"True",False
"https://instagram.com/curbkiller93","False","curbkiller93",162,1759,1071,"True",True
"https://www.instagram.com/tahir_al_mashair","False","tahir_al_mashair",21,2505,416,"True",False
"https://www.instagram.com/dariorufasto","False","dariorufasto",2,5153,491,"True",False
"https://www.instagram.com/viloriajustice","False","viloriajustice",284,1166,1613,"True",False
"https://www.instagram.com/sexshop_entretuslabios","False","sexshop_entretuslabios",123,5173,743,"True",False
"https://instagram.com/c_hartmann14","False","c_hartmann14",6,300,182,"True",True
"https://www.instagram.com/eraz0r","False","eraz0r",111,2017,1609,"True",False
"https://www.instagram.com/felipe.pipe.948","False","felipe.pipe.948",335,836,889,"True",False
"https://instagram.com/ucellinovo","False","ucellinovo",39,785,91,"True",True
"https://instagram.com/bari.ibishi","False","bari.ibishi",88,2688,297,"True",True
"https://instagram.com/barhm055","True","barhm055",0,7492,149,"True",True
"https://www.instagram.com/huseyin.bakirci.9","False","huseyin.bakirci.9",918,5762,805,"True",False
"https://www.instagram.com/roca__wear_","False","roca__wear_",51,653,265,"True",False
"https://instagram.com/oiram.rerrak","False","oiram.rerrak",6,625,124,"True",True
"https://instagram.com/tum939393","False","tum939393",681,1568,636,"True",True
"https://www.instagram.com/franciscocamaho","True","franciscocamaho",1,551,148,"True",False
"https://instagram.com/fitreza6","False","fitreza6",2,415,22,"True",True
"https://www.instagram.com/elhusseinih_hassan","False","elhusseinih_hassan",5,859,237,"True",False
"https://www.instagram.com/ian___5","False","ian___5",1,291,24,"True",False
"https://www.instagram.com/stone_edge1","False","stone_edge1",189,4863,642,"True",False
"https://www.instagram.com/monse_davila","False","monse_davila",1,337,15,"True",False
"https://instagram.com/brayan_jesus04","True","brayan_jesus04",1,6876,156,"True",True
"https://www.instagram.com/gaurav_rana_ji","True","gaurav_rana_ji",11,7498,582,"True",False
"https://www.instagram.com/lim_bo1.0","False","lim_bo1.0",74,98,1919,"True",False
"https://www.instagram.com/ogor323","True","ogor323",0,403,71,"True",False
"https://www.instagram.com/christianstrecke","False","christianstrecke",42,343,5592,"True",False
"https://www.instagram.com/felix_grams_iron_fanatics","False","felix_grams_iron_fanatics",52,256,3097,"True",False
"https://instagram.com/_fabiogv_","False","_fabiogv_",23,493,846,"True",True
"https://www.instagram.com/nodesahejad","False","nodesahejad",21,2440,464,"True",False
"https://instagram.com/performertheater","False","performertheater",161,178,848,"True",True
"https://www.instagram.com/kristian_lepan","False","kristian_lepan",26,75,136,"True",False
"https://www.instagram.com/romanaesthetic","False","romanaesthetic",99,311,2313,"True",False
"https://www.instagram.com/offthebeatentrax","False","offthebeatentrax",110,94,1617,"True",False
"https://www.instagram.com/caglar.co5kun","False","caglar.co5kun",101,360,2976,"True",False
"https://www.instagram.com/jimmy_laessig","False","jimmy_laessig",151,272,2191,"True",False
"https://www.instagram.com/richcostantin","False","richcostantin",92,201,1045,"True",False
"https://instagram.com/lostinspaceandstuff","True","lostinspaceandstuff",2,636,30,"True",True
"https://www.instagram.com/internationalfitnessx","False","internationalfitnessx",3,18,22,"True",False
"https://www.instagram.com/machadosincero","False","machadosincero",66,558,273,"True",False
"https://www.instagram.com/official_gym_unit","False","official_gym_unit",125,280,2183,"True",False
"https://www.instagram.com/ptchrs","False","ptchrs",75,251,413,"True",False
"https://www.instagram.com/halleyhu14","False","halleyhu14",183,5430,2123,"True",False
"https://www.instagram.com/sj1fitness","False","sj1fitness",3,518,177,"True",False
"https://instagram.com/aristidsjc","False","aristidsjc",480,1252,610,"True",True
"https://www.instagram.com/johannes_thi","False","johannes_thi",3,238,86,"True",False
"https://www.instagram.com/melcherlukas","False","melcherlukas",128,5474,2632,"True",False
"https://www.instagram.com/hmq420","False","hmq420",5,2429,347,"True",False
"https://instagram.com/xxpascal123","False","xxpascal123",62,2690,468,"True",True
"https://instagram.com/lukiibk","False","lukiibk",0,6,0,"False",True
"https://www.instagram.com/simonwuelfertfitness","False","simonwuelfertfitness",71,640,2010,"True",False
"https://www.instagram.com/tommaso_giambelli","False","tommaso_giambelli",857,3992,2779,"True",False
"https://www.instagram.com/dom_noyalvarez","False","dom_noyalvarez",171,433,1218,"True",False
"https://www.instagram.com/afrikantitan","False","afrikantitan",22,301,174,"True",False
"https://www.instagram.com/satish_varma_007","False","satish_varma_007",24,203,376,"True",False
"https://www.instagram.com/kaaaili_","False","kaaaili_",3,379,310,"True",False
"https://www.instagram.com/patriciaalexandrari","False","patriciaalexandrari",48,1897,228,"True",False
"https://www.instagram.com/marvingra","False","marvingra",10,360,627,"True",False
"https://www.instagram.com/heelanurag","False","heelanurag",6,531,162,"True",False
"https://www.instagram.com/_sabrina2012_","False","_sabrina2012_",44,925,6354,"True",False
"https://www.instagram.com/happylittlehumanaus","False","happylittlehumanaus",49,2351,1590,"True",False
"https://www.instagram.com/tschan.b","False","tschan.b",58,154,1168,"True",False
"https://instagram.com/junroulin","False","junroulin",4,831,105,"True",True
"https://www.instagram.com/ua.au","True","ua.au",59,2084,5089,"True",False
"https://instagram.com/benja12457","False","benja12457",1,93,71,"True",True
"https://instagram.com/xantarktikax","True","xantarktikax",0,2616,43,"True",True
"https://www.instagram.com/x511xi","True","x511xi",146,4183,3515,"True",False
"https://instagram.com/theycallmebaw","False","theycallmebaw",5,134,23,"True",True
"https://instagram.com/aviam_maccoupe","True","aviam_maccoupe",8,2814,1260,"True",True
"https://www.instagram.com/yehyahesenov262","True","yehyahesenov262",0,2793,92,"True",False
"https://www.instagram.com/lucie_brandt","False","lucie_brandt",29,811,493,"True",False
"https://www.instagram.com/hdyshbs","True","hdyshbs",0,167,0,"True",False
"https://www.instagram.com/quoted.mess","False","quoted.mess",18,357,242,"True",False
"https://www.instagram.com/shoe4us2k17","False","shoe4us2k17",145,3932,288,"True",False
"https://www.instagram.com/braidstylebs","False","braidstylebs",156,2952,1047,"True",False
"https://www.instagram.com/reezbia","False","reezbia",396,873,1967,"True",False
"https://www.instagram.com/aafiahbaldin1","False","aafiahbaldin1",2,992,15,"True",False
"https://www.instagram.com/anninastagni","False","anninastagni",0,2003,21,"True",False
"https://www.instagram.com/justslayinsayings","True","justslayinsayings",1,203,3,"True",False
"https://www.instagram.com/serdil_1815","True","serdil_1815",1,1345,625,"True",False
"https://www.instagram.com/mmpr_music","False","mmpr_music",77,1492,296,"True",False
"https://instagram.com/salemq8___1","False","salemq8___1",34,4515,186,"True",True
"https://www.instagram.com/zorrasdestruidas","False","zorrasdestruidas",3,215,70,"True",False
"https://www.instagram.com/alex_shoutout11","True","alex_shoutout11",1,743,40,"True",False
"https://www.instagram.com/nout789","False","nout789",72,2875,1073,"True",False
"https://www.instagram.com/indigotomes","False","indigotomes",23,1251,930,"True",False
"https://www.instagram.com/olga_shmyga","True","olga_shmyga",0,1215,9,"True",False
"https://www.instagram.com/putya_here","True","putya_here",3,2425,70,"True",False
"https://www.instagram.com/devoratoriidemarketing","True","devoratoriidemarketing",1,4141,208,"True",False
"https://www.instagram.com/tyson_gilmar888","True","tyson_gilmar888",1,37,0,"True",False
"https://instagram.com/patitofeo_0m","False","patitofeo_0m",90,6,248,"True",True
"https://www.instagram.com/msnsdnsmsks","True","msnsdnsmsks",1,1149,131,"True",False
"https://instagram.com/aleksandrova.anutka","False","aleksandrova.anutka",11,1232,8,"True",True
"https://www.instagram.com/malamixproducer","False","malamixproducer",30,1179,513,"True",False
"https://www.instagram.com/meredithmickelsons","True","meredithmickelsons",1,1467,32,"True",False
"https://www.instagram.com/officialquestraworld","False","officialquestraworld",14,2595,374,"True",False
"https://instagram.com/daviddk2","False","daviddk2",27,3096,173,"True",True
"https://www.instagram.com/dmtrmck","False","dmtrmck",608,1433,855,"True",False
"https://www.instagram.com/samrac2017_2","True","samrac2017_2",2,5428,74,"True",False
"https://www.instagram.com/fixy_fashion","False","fixy_fashion",171,988,7235,"True",False
"https://www.instagram.com/jessicaporte21","False","jessicaporte21",0,227,20,"True",False
"https://www.instagram.com/__itz__mike","False","__itz__mike",3,51,2,"True",False
"https://instagram.com/raisa_beelzu94","False","raisa_beelzu94",3576,4170,1555,"True",True
"https://instagram.com/sneharahmab4","False","sneharahmab4",53,331,41,"True",True
"https://www.instagram.com/kelsey_shay_mcginnis","False","kelsey_shay_mcginnis",150,1181,579,"True",False
"https://instagram.com/mim_malik7","False","mim_malik7",82,956,307,"True",True
"https://instagram.com/nowrain_11","False","nowrain_11",81,111,56,"True",True
"https://www.instagram.com/adecruzz","False","adecruzz",17,154,76,"True",False
"https://instagram.com/soptok_chatterjee","False","soptok_chatterjee",30,691,1131,"True",True
"https://instagram.com/sowmya4623","False","sowmya4623",10,1082,767,"True",True
"https://instagram.com/misses_dutty_love","False","misses_dutty_love",813,1508,374,"True",True
"https://instagram.com/susanne_muencj","False","susanne_muencj",107,575,138,"True",True
"https://www.instagram.com/piaster_","False","piaster_",482,6795,1491,"True",False
"https://www.instagram.com/sumaiya9963","False","sumaiya9963",4,125,83,"True",False
"https://instagram.com/isthiti.barua99","False","isthiti.barua99",1174,2484,741,"True",True
"https://www.instagram.com/mimuh370","False","mimuh370",168,70,2187,"True",False
"https://instagram.com/pori_shobdo","True","pori_shobdo",4,4651,7659,"True",True
"https://www.instagram.com/lanower","False","lanower",6,1180,437,"True",False
"https://instagram.com/mr.cheapo","False","mr.cheapo",64,3095,1013,"True",True
"https://www.instagram.com/nasuha_emra","False","nasuha_emra",5,168,152,"True",False
"https://www.instagram.com/__tasmia","False","__tasmia",63,114,154,"True",False
"https://instagram.com/narmiat.n","False","narmiat.n",12,410,56,"True",True
"https://www.instagram.com/fathma6772","False","fathma6772",17,565,90,"True",False
"https://www.instagram.com/muzammiltrg","False","muzammiltrg",15,4140,716,"True",False
"https://instagram.com/jiji_elif","False","jiji_elif",2,842,325,"True",True
"https://instagram.com/bintymahmuda","False","bintymahmuda",3,378,94,"True",True
"https://instagram.com/lil_hermosa23","False","lil_hermosa23",322,2055,1953,"True",True
"https://www.instagram.com/jenifar_opshora","False","jenifar_opshora",26,159,166,"True",False
"https://instagram.com/ashita_amir","False","ashita_amir",8,293,228,"True",True
"https://www.instagram.com/mituhasan7049","False","mituhasan7049",2,223,35,"True",False
"https://instagram.com/mi_pushpita","False","mi_pushpita",92,6289,2552,"True",True
"https://instagram.com/00_rockbye_roxie","False","00_rockbye_roxie",84,267,95,"True",True
"https://www.instagram.com/flint_roy","False","flint_roy",0,1305,216,"True",False
"https://www.instagram.com/anika_raimah","False","anika_raimah",9,848,1042,"True",False
"https://instagram.com/shazizaharat","False","shazizaharat",1,108,83,"True",True
"https://www.instagram.com/kantu.kantu","False","kantu.kantu",3,475,135,"True",False
"https://instagram.com/worldwide_selfie","False","worldwide_selfie",32,7569,3389,"True",True
"https://www.instagram.com/alessandrastarr","False","alessandrastarr",262,4651,54036,"True",False
"https://instagram.com/pinkyou17","False","pinkyou17",92,462,239,"True",True
"https://www.instagram.com/igclassy_girls_shoutout","False","igclassy_girls_shoutout",11,235,61,"True",False
"https://instagram.com/nicig75","False","nicig75",178,325,248,"True",True
"https://instagram.com/nuriaech","False","nuriaech",251,532,71,"True",True
"https://www.instagram.com/_chippolina_","False","_chippolina_",0,303,28,"True",False
"https://instagram.com/djessi98","True","djessi98",0,982,0,"True",True
"https://www.instagram.com/nesteroovaaa","False","nesteroovaaa",100,172,1600,"True",False
"https://www.instagram.com/rodrigomoretta12345","True","rodrigomoretta12345",0,1049,45,"True",False
"https://www.instagram.com/yasmintrs","False","yasmintrs",25,232,226,"True",False
"https://www.instagram.com/bejawuo","False","bejawuo",319,3917,1078,"True",False
"https://instagram.com/katiavoss","False","katiavoss",103,566,684,"True",True
"https://www.instagram.com/gomeshair","False","gomeshair",509,5519,22117,"True",False
"https://instagram.com/unedeceptiontotale","False","unedeceptiontotale",51,464,356,"True",True
"https://www.instagram.com/camillawalford","False","camillawalford",688,605,836,"True",False
"https://www.instagram.com/nanuk_makal","False","nanuk_makal",91,783,3012,"True",False
"https://www.instagram.com/chloellenn","False","chloellenn",0,95,25,"True",False
"https://www.instagram.com/lisalevi2288","False","lisalevi2288",268,1391,157,"True",False
"https://www.instagram.com/knight.people","False","knight.people",7,1571,148,"True",False
"https://instagram.com/_niicklp","True","_niicklp",0,1047,67,"True",True
"https://www.instagram.com/raskrutkai_n_s_t_a_g_r_a_f_e_r","True","raskrutkai_n_s_t_a_g_r_a_f_e_r",4,267,26,"True",False
"https://www.instagram.com/sofie_husted_munk","False","sofie_husted_munk",42,316,75,"True",False
"https://www.instagram.com/thereisnotherethere","False","thereisnotherethere",238,4767,757,"True",False
"https://www.instagram.com/universalpicturesch","False","universalpicturesch",233,220,3763,"True",False
"https://www.instagram.com/jerry_stla","False","jerry_stla",18,506,8959,"True",False
"https://www.instagram.com/tomaselliferreira","False","tomaselliferreira",14,687,214,"True",False
"https://instagram.com/rbnjcby","False","rbnjcby",52,423,125,"True",True
"https://www.instagram.com/hiphopsnack","False","hiphopsnack",1263,5203,12852,"True",False
"https://www.instagram.com/_sallusti","False","_sallusti",173,1434,1590,"True",False
"https://www.instagram.com/concierge_space","False","concierge_space",37,1533,3862,"True",False
"https://www.instagram.com/yourmind_yourart","False","yourmind_yourart",32,179,116,"True",False
"https://www.instagram.com/marinalrtsr","False","marinalrtsr",87,273,1061,"True",False
"https://instagram.com/jucruz01","False","jucruz01",29,2435,602,"True",True
"https://www.instagram.com/littosheriff","False","littosheriff",63,1023,216,"True",False
"https://www.instagram.com/lrdesing","False","lrdesing",10,210,50,"True",False
"https://www.instagram.com/morganeberthod","False","morganeberthod",22,124,130,"True",False
"https://www.instagram.com/bypatttt","False","bypatttt",17,154,90,"True",False
"https://www.instagram.com/jgartadvisory","False","jgartadvisory",363,4995,5961,"True",False
"https://www.instagram.com/matildauusitalo","False","matildauusitalo",282,185,477,"True",False
"https://instagram.com/jonathannsalass","False","jonathannsalass",23,1809,1102,"True",True
"https://www.instagram.com/r_a_s_k_r_u_t_k_a_instagrafer","True","r_a_s_k_r_u_t_k_a_instagrafer",3,241,16,"True",False
"https://www.instagram.com/tenokate","False","tenokate",84,305,282,"True",False
"https://www.instagram.com/simon_ankar","False","simon_ankar",0,22,1,"True",False
"https://www.instagram.com/rh_asmae","True","rh_asmae",2,793,531,"True",False
"https://www.instagram.com/donnikcolla","False","donnikcolla",94,543,729,"True",False
"https://instagram.com/gnlozkan","False","gnlozkan",660,682,299,"True",True
"https://www.instagram.com/bunniest_","False","bunniest_",2091,382,3175,"True",False
"https://www.instagram.com/unchicfou","False","unchicfou",346,434,1407,"True",False
"https://instagram.com/key.lee","False","key.lee",172,570,447,"True",True
"https://www.instagram.com/thaothu1793","False","thaothu1793",2,277,60,"True",False
"https://instagram.com/giudipont","False","giudipont",460,323,663,"True",True
"https://www.instagram.com/raffaello_c","False","raffaello_c",917,1618,9677,"True",False
"https://www.instagram.com/senem.onay","False","senem.onay",248,506,284,"True",False
"https://www.instagram.com/s_wenjia","False","s_wenjia",402,546,2998,"True",False
"https://instagram.com/misstut712","False","misstut712",178,183,130,"True",True
"https://www.instagram.com/amira.msh","False","amira.msh",233,737,524,"True",False
"https://www.instagram.com/nabibih","False","nabibih",170,426,306,"True",False
"https://www.instagram.com/arslanshaikh000","False","arslanshaikh000",28,468,9762,"True",False
"https://www.instagram.com/rita_hhhi","False","rita_hhhi",116,156,62,"True",False
"https://instagram.com/__be.91","False","__be.91",88,367,243,"True",True
"https://www.instagram.com/lou__hernandez","False","lou__hernandez",40,302,391,"True",False
"https://www.instagram.com/d.nota","False","d.nota",86,153,791,"True",False
"https://www.instagram.com/styledcitizens","False","styledcitizens",134,926,2953,"True",False
"https://instagram.com/shadivahidi","False","shadivahidi",565,808,419,"True",True
"https://www.instagram.com/junior2millano","False","junior2millano",31,2908,495,"True",False
"https://www.instagram.com/giulia_disgrazia_it","False","giulia_disgrazia_it",660,491,1341,"True",False
"https://instagram.com/ilknur.ozaydin","False","ilknur.ozaydin",96,6399,1076,"True",True
"https://www.instagram.com/stefpetrop","False","stefpetrop",344,904,1818,"True",False
"https://www.instagram.com/meeshcollection","False","meeshcollection",669,476,1883,"True",False
"https://www.instagram.com/tarekparkour","False","tarekparkour",72,127,1476,"True",False
"https://instagram.com/melisakantarr","False","melisakantarr",65,496,436,"True",True
"https://instagram.com/lovelily_xx","False","lovelily_xx",2396,4591,467,"True",True
"https://www.instagram.com/lokeshpathakvns","False","lokeshpathakvns",9,6302,678,"True",False
"https://www.instagram.com/maria3j","False","maria3j",5,69,30,"True",False
"https://www.instagram.com/inessajeanneret","False","inessajeanneret",297,156,540,"True",False
"https://www.instagram.com/giulygiuliettagiugiu","False","giulygiuliettagiugiu",95,466,124,"True",False
"https://www.instagram.com/jwdh2201","False","jwdh2201",97,4520,966,"True",False
"https://www.instagram.com/maria.brito112","True","maria.brito112",0,1033,160,"True",False
"https://www.instagram.com/marinescully","False","marinescully",513,531,539,"True",False
"https://www.instagram.com/maymnv4","False","maymnv4",36,202,23,"True",False
"https://instagram.com/edakiciroglu","False","edakiciroglu",110,318,304,"True",True
"https://www.instagram.com/nahuelbattilana463","False","nahuelbattilana463",6,90,36,"True",False
"https://www.instagram.com/brahim.dridi","False","brahim.dridi",1073,4212,1257,"True",False
"https://instagram.com/jasmin_joyful","False","jasmin_joyful",232,71,53,"True",True
"https://www.instagram.com/mylene_brieux","False","mylene_brieux",5,89,54,"True",False
"https://instagram.com/judith88u","False","judith88u",0,18,3,"True",True
"https://instagram.com/devu013","False","devu013",110,5354,234,"True",True
"https://instagram.com/whitesnowpure","False","whitesnowpure",20,122,15,"True",True
"https://www.instagram.com/shweya_shweya","False","shweya_shweya",90,276,57,"True",False
"https://instagram.com/gerarrluna","False","gerarrluna",1,264,31,"True",True
"https://www.instagram.com/bilginl","False","bilginl",4,1293,562,"True",False
"https://instagram.com/deboraorikassa","False","deboraorikassa",472,2993,143,"True",True
"https://instagram.com/buildingbecs","False","buildingbecs",0,161,0,"False",True
"https://www.instagram.com/nelio.cabrita","False","nelio.cabrita",28,373,102,"True",False
"https://www.instagram.com/april_gloria","False","april_gloria",1686,2212,100599,"True",False
"https://www.instagram.com/alidhakyrie","False","alidhakyrie",0,10,5,"False",False
"https://instagram.com/marieln3102","False","marieln3102",2,124,54,"True",True
"https://www.instagram.com/milows_carnival","False","milows_carnival",354,991,421,"True",False
"https://www.instagram.com/thirtytolily","False","thirtytolily",0,120,34,"True",False
"https://www.instagram.com/solis_switzerland","False","solis_switzerland",69,1011,316,"True",False
"https://www.instagram.com/zach.chinn","False","zach.chinn",17,1205,155,"True",False
"https://instagram.com/worldtrip_","False","worldtrip_",9,527,31,"True",True
"https://www.instagram.com/tinawestnana12","False","tinawestnana12",52,255,113,"True",False
"https://www.instagram.com/luiidy_simons","False","luiidy_simons",76,383,227,"True",False
"https://www.instagram.com/sarah_anne10","False","sarah_anne10",92,631,60,"True",False
"https://www.instagram.com/moonlitmind","False","moonlitmind",47,372,254,"True",False
"https://www.instagram.com/eneandine_art","False","eneandine_art",4,184,37,"True",False
"https://www.instagram.com/remoneuhaus","False","remoneuhaus",475,1222,4386,"True",False
"https://instagram.com/vittojessica","False","vittojessica",3,179,332,"True",True
"https://instagram.com/larissacosta88","False","larissacosta88",379,449,231,"True",True
"https://www.instagram.com/pidesa1984","False","pidesa1984",136,526,353,"True",False
"https://www.instagram.com/hybaa_hamzaa","False","hybaa_hamzaa",189,4934,1835,"True",False
"https://www.instagram.com/keltoum555","False","keltoum555",253,612,136,"True",False
"https://www.instagram.com/khaela.dy","False","khaela.dy",114,123,106,"True",False
"https://www.instagram.com/architect_of_light","False","architect_of_light",330,992,318,"True",False
"https://www.instagram.com/midnightvoice","False","midnightvoice",12,101,33,"True",False
"https://www.instagram.com/amihitodel_bosque_alejandro2.0","True","amihitodel_bosque_alejandro2.0",1,268,65,"True",False
"https://instagram.com/zehe765kmc","True","zehe765kmc",8,669,33,"True",True
"https://instagram.com/kaitiser","True","kaitiser",0,601,0,"True",True
"https://www.instagram.com/beauty_of_makeup87","False","beauty_of_makeup87",1072,542,3852,"True",False
"https://instagram.com/hakon_trygve","False","hakon_trygve",50,448,74,"True",True
"https://www.instagram.com/thebricabracparis","False","thebricabracparis",84,948,951,"True",False
"https://instagram.com/tongt_huwang","False","tongt_huwang",4,175,20,"True",True
"https://www.instagram.com/marrriaivanova","False","marrriaivanova",805,6580,7646,"True",False
"https://www.instagram.com/binni1002","True","binni1002",1,198,69,"True",False
"https://www.instagram.com/lueurdelune","False","lueurdelune",0,143,157,"True",False
"https://www.instagram.com/leungyeekei","False","leungyeekei",213,253,215,"True",False
"https://www.instagram.com/calvinrebaud","False","calvinrebaud",36,308,634,"True",False
"https://www.instagram.com/rachelspz","False","rachelspz",15,3587,326,"True",False
"https://www.instagram.com/sony.aphotos","False","sony.aphotos",88,1992,58219,"True",False
"https://www.instagram.com/fashion_woman017","False","fashion_woman017",2,467,140,"True",False
"https://www.instagram.com/forkandflower","False","forkandflower",3938,2692,5997,"True",False
"https://www.instagram.com/wonderbloomm","False","wonderbloomm",6,42,9,"True",False
"https://www.instagram.com/jinjingabby","False","jinjingabby",4,26,4,"True",False
"https://www.instagram.com/hanene.aitahmed","False","hanene.aitahmed",278,647,14223,"True",False
"https://www.instagram.com/daaaaaaaw","False","daaaaaaaw",194,227,81,"True",False
"https://instagram.com/kitapkurduxo","True","kitapkurduxo",0,597,14,"True",True
"https://instagram.com/marz__malik","False","marz__malik",0,347,17,"True",True
"https://www.instagram.com/carolina_cumbicus","False","carolina_cumbicus",22,205,837,"True",False
"https://www.instagram.com/cry986807185663","True","cry986807185663",5,2107,644,"True",False
"https://www.instagram.com/bonnyau______","False","bonnyau______",324,1058,426,"True",False
"https://instagram.com/mahyar.kf","False","mahyar.kf",28,925,132,"True",True
"https://www.instagram.com/stileitaliano_eyewear","False","stileitaliano_eyewear",5,210,36,"True",False
"https://instagram.com/ainanurfadillah","False","ainanurfadillah",36,386,772,"True",True
"https://www.instagram.com/fromthetravellerseye","False","fromthetravellerseye",124,2671,5105,"True",False
"https://instagram.com/molly.danse","False","molly.danse",25,367,244,"True",True
"https://www.instagram.com/olgakafox","False","olgakafox",11,179,47,"True",False
"https://www.instagram.com/icyonlineshoppeph","False","icyonlineshoppeph",10,1068,55,"True",False
"https://www.instagram.com/astrdmly_rs","False","astrdmly_rs",11,177,547,"True",False
"https://www.instagram.com/fatmangovideos","False","fatmangovideos",298,3870,5588,"True",False
"https://www.instagram.com/wxz_theone","False","wxz_theone",111,110,21,"True",False
"https://www.instagram.com/zuziakowalska_","False","zuziakowalska_",99,1747,4607,"True",False
"https://www.instagram.com/andrewwiradinata","False","andrewwiradinata",778,1455,1905,"True",False
"https://www.instagram.com/centroluganosud","False","centroluganosud",381,92,1122,"True",False
"https://www.instagram.com/darlinglyric","False","darlinglyric",4,90,37,"True",False
"https://instagram.com/bubba_gump_shrimp13","False","bubba_gump_shrimp13",51,746,359,"True",True
"https://www.instagram.com/anna.linz","False","anna.linz",26,818,1122,"True",False
"https://instagram.com/jenechkazaharova","False","jenechkazaharova",59,101,67,"True",True
"https://www.instagram.com/bth245111","True","bth245111",0,32,1,"True",False
"https://www.instagram.com/axel_bodyfitness","False","axel_bodyfitness",50,1212,334,"True",False
"https://www.instagram.com/kelseysuyy","False","kelseysuyy",2,61,2,"True",False
"https://www.instagram.com/tylerkelevra","False","tylerkelevra",2132,1708,544,"True",False
"https://www.instagram.com/pedromartinrojo","False","pedromartinrojo",262,6175,2616,"True",False
"https://www.instagram.com/philipp.leimgruber","False","philipp.leimgruber",162,1472,18407,"True",False
"https://instagram.com/vvanessaanja","False","vvanessaanja",11,156,62,"True",True
"https://instagram.com/djcruise","False","djcruise",41,5798,145,"True",True
"https://www.instagram.com/ente_auf_reisen","False","ente_auf_reisen",94,223,223,"True",False
"https://www.instagram.com/beetnutofficial","False","beetnutofficial",0,18,62,"True",False
"https://www.instagram.com/salome_stutz","False","salome_stutz",18,343,369,"True",False
"https://www.instagram.com/_antonella_terranova_kate_","False","_antonella_terranova_kate_",25,1008,309,"True",False
"https://www.instagram.com/sirhud.kalra","False","sirhud.kalra",113,1032,7622,"True",False
"https://www.instagram.com/mademoiselledm","False","mademoiselledm",284,343,241,"True",False
"https://www.instagram.com/top_1_usa","False","top_1_usa",2,75,15,"True",False
"https://instagram.com/elvira.li.la","False","elvira.li.la",0,190,81,"True",True
"https://instagram.com/letitvirgo","False","letitvirgo",0,149,373,"True",True
"https://www.instagram.com/aarondewing","False","aarondewing",223,806,793,"True",False
"https://www.instagram.com/koerper.entgiften","False","koerper.entgiften",41,1155,501,"True",False
"https://instagram.com/lorelyss1127","False","lorelyss1127",62,334,60,"True",True
"https://www.instagram.com/tastybites_india","False","tastybites_india",94,1594,1798,"True",False
"https://www.instagram.com/mohammad_alhammade","False","mohammad_alhammade",42,383,183,"True",False
"https://www.instagram.com/gurminder06","False","gurminder06",170,723,219,"True",False
"https://www.instagram.com/sunnyswoodpecker","False","sunnyswoodpecker",3568,4219,1202,"True",False
"https://www.instagram.com/sasha_ko8888","False","sasha_ko8888",3,313,43,"True",False
"https://www.instagram.com/krisskza","False","krisskza",321,524,144,"True",False
"https://www.instagram.com/keziah_vegans_","False","keziah_vegans_",94,860,224,"True",False
"https://www.instagram.com/torbisha_sport","False","torbisha_sport",78,5075,1584,"True",False
"https://www.instagram.com/cameonistas","False","cameonistas",2094,710,49980,"True",False
"https://www.instagram.com/zhshop.ch","False","zhshop.ch",12,30,7,"True",False
"https://www.instagram.com/aletrianni","False","aletrianni",172,673,334,"True",False
"https://instagram.com/clauij","False","clauij",24,174,82,"True",True
"https://www.instagram.com/gearextremist","False","gearextremist",195,937,384,"True",False
"https://www.instagram.com/nicole_julen_coaching","False","nicole_julen_coaching",151,212,192,"True",False
"https://instagram.com/romina.k","False","romina.k",9,322,385,"True",True
"https://instagram.com/sophiefurter","False","sophiefurter",99,674,717,"True",True
"https://www.instagram.com/natural_detox_for_you_1","False","natural_detox_for_you_1",6,968,119,"True",False
"https://www.instagram.com/natural_detox_for_you_6","False","natural_detox_for_you_6",6,972,250,"True",False
"https://www.instagram.com/rahul_4_real","False","rahul_4_real",10,1685,76,"True",False
"https://www.instagram.com/gloria_beatrice","False","gloria_beatrice",309,685,469,"True",False
"https://www.instagram.com/trkan_123","False","trkan_123",31,2239,690,"True",False
"https://www.instagram.com/petitbarcelona","False","petitbarcelona",433,743,871,"True",False
"https://instagram.com/kittycro","False","kittycro",10,81,65,"True",True
"https://www.instagram.com/djr.beauty","False","djr.beauty",1,5449,138,"True",False
"https://instagram.com/lukeandersonboi","True","lukeandersonboi",9,6594,93,"True",True
"https://instagram.com/sneakers_loveee","False","sneakers_loveee",15,595,0,"True",True
"https://www.instagram.com/lukaswunderli","False","lukaswunderli",12,242,110,"True",False
"https://www.instagram.com/foodport.ch","False","foodport.ch",59,3561,5017,"True",False
"https://instagram.com/buzovablog","True","buzovablog",2,2111,2129,"True",True
"https://www.instagram.com/turblast45","True","turblast45",1,7466,299,"True",False
"https://instagram.com/__travellingemotions__","False","__travellingemotions__",25,3419,219,"True",True
"https://www.instagram.com/jualhordengnihh","True","jualhordengnihh",0,832,16,"True",False
"https://instagram.com/valerieammar","True","valerieammar",0,6519,147,"True",True
"https://instagram.com/elagustintigre","False","elagustintigre",0,287,59,"True",True
"https://www.instagram.com/m_a_s_ha12","False","m_a_s_ha12",3,185,16,"True",False
"https://instagram.com/wellpppp","True","wellpppp",0,288,0,"True",True
"https://www.instagram.com/withmyvespa","False","withmyvespa",24,3494,570,"True",False
"https://www.instagram.com/cookingwmaha","False","cookingwmaha",97,324,2363,"True",False
"https://www.instagram.com/neoxatch","False","neoxatch",12,803,23,"True",False
"https://www.instagram.com/holaluli420","True","holaluli420",0,7485,207,"True",False
"https://instagram.com/m8x._","True","m8x._",1,7500,199,"True",True
"https://www.instagram.com/exporecords","False","exporecords",12,282,199,"True",False
"https://instagram.com/beleo_private","True","beleo_private",6,7469,0,"True",True
"https://www.instagram.com/therealjuanhoms","False","therealjuanhoms",14,1750,3163,"True",False
"https://www.instagram.com/misscolt6554","True","misscolt6554",10,5729,222,"True",False
"https://instagram.com/kilfiras","False","kilfiras",1,154,41,"True",True
"https://www.instagram.com/vova531","True","vova531",1,597,4,"True",False
"https://www.instagram.com/yokkomusic","False","yokkomusic",587,949,1948,"True",False
"https://instagram.com/us.bape","False","us.bape",0,3062,1147,"True",True
"https://www.instagram.com/hanspeter122","True","hanspeter122",1,3569,66,"True",False
"https://www.instagram.com/johnnoeart","False","johnnoeart",502,253,279,"True",False
"https://www.instagram.com/fidgetexpert.ch","False","fidgetexpert.ch",51,2185,382,"True",False
"https://www.instagram.com/acasualsense","False","acasualsense",87,697,926,"True",False
"https://www.instagram.com/browbbarmoscow","False","browbbarmoscow",316,6480,13862,"True",False
"https://instagram.com/_.kylie.ks","True","_.kylie.ks",1,413,84,"True",True
"https://www.instagram.com/lebronesshoros","True","lebronesshoros",0,256,23,"True",False
"https://instagram.com/autocarmagazine21","True","autocarmagazine21",4,1231,26,"True",True
"https://www.instagram.com/nickwanna","False","nickwanna",613,6725,2131,"True",False
"https://www.instagram.com/ae.fuck","True","ae.fuck",0,7497,91,"True",False
"https://www.instagram.com/msrollinghome.ch","False","msrollinghome.ch",258,4504,8057,"True",False
"https://www.instagram.com/funnypics.bruh","True","funnypics.bruh",2,7463,270,"True",False
"https://www.instagram.com/krispy.m","False","krispy.m",165,802,1011,"True",False
"https://www.instagram.com/hopeless__wandererr","False","hopeless__wandererr",180,2642,2634,"True",False
"https://www.instagram.com/bobavet","False","bobavet",503,1057,1683,"True",False
"https://www.instagram.com/anaseitz","False","anaseitz",7,84,108,"True",False
"https://www.instagram.com/blvckmattrcreative","False","blvckmattrcreative",12,3224,5543,"True",False
"https://www.instagram.com/stieglerh","False","stieglerh",892,687,533,"True",False
"https://www.instagram.com/rdie","False","rdie",1111,608,339,"True",False
"https://www.instagram.com/henyanni","False","henyanni",1774,2681,20119,"True",False
"https://www.instagram.com/cecinestpasirene","False","cecinestpasirene",387,436,217,"True",False
"https://www.instagram.com/areligroup","False","areligroup",217,1829,3539,"True",False
"https://www.instagram.com/ken.zacharias","False","ken.zacharias",58,7500,17335,"True",False
"https://www.instagram.com/liesinjuly","False","liesinjuly",53,1255,656,"True",False
"https://www.instagram.com/patriciakickass","False","patriciakickass",313,1394,10452,"True",False
"https://www.instagram.com/kennedydarrel","False","kennedydarrel",221,1939,2651,"True",False
"https://instagram.com/swisscyman","False","swisscyman",12,48,27,"True",True
"https://instagram.com/gabilein_23","False","gabilein_23",691,4947,566,"True",True
"https://www.instagram.com/goldencages","False","goldencages",343,369,205,"True",False
"https://www.instagram.com/renatoschneeberger","False","renatoschneeberger",20,249,237,"True",False
"https://instagram.com/jaanika.jyrisoojj","False","jaanika.jyrisoojj",119,1177,1858,"True",True
"https://www.instagram.com/jevi.nifer","False","jevi.nifer",8,794,167,"True",False
"https://instagram.com/anggieastari","True","anggieastari",264,4339,752,"True",True
"https://www.instagram.com/unihumble","False","unihumble",81,6320,10969,"True",False
"https://www.instagram.com/persoenlich.com_redaktion","False","persoenlich.com_redaktion",0,89,15,"True",False
"https://www.instagram.com/lite42","False","lite42",212,675,250,"True",False
"https://www.instagram.com/mimiauthentic","False","mimiauthentic",54,1645,468,"True",False
"https://www.instagram.com/explora_ethlibrary","False","explora_ethlibrary",12,208,95,"True",False
"https://www.instagram.com/conversionbuddha","False","conversionbuddha",323,1648,818,"True",False
"https://www.instagram.com/die_sechste_schweiz","False","die_sechste_schweiz",40,1187,239,"True",False
"https://www.instagram.com/spatzennest_official","False","spatzennest_official",270,957,423,"True",False
"https://www.instagram.com/grbhr","False","grbhr",819,640,2461,"True",False
"https://www.instagram.com/nottheholyjesus","False","nottheholyjesus",13,1751,968,"True",False
"https://www.instagram.com/isilnergizi","False","isilnergizi",74,876,541,"True",False
"https://www.instagram.com/pigoni","False","pigoni",544,477,577,"True",False
"https://www.instagram.com/gislertom","False","gislertom",19,184,321,"True",False
"https://instagram.com/zengnaner1983","True","zengnaner1983",7,3394,59,"True",True
"https://www.instagram.com/cakesarenotevil","False","cakesarenotevil",87,517,292,"True",False
"https://www.instagram.com/mojokit_","False","mojokit_",17,809,164,"True",False
"https://www.instagram.com/j_pic","False","j_pic",174,411,1009,"True",False
"https://www.instagram.com/indi_et_ali","False","indi_et_ali",61,3504,1089,"True",False
"https://www.instagram.com/insta_unlifollowers_ch","True","insta_unlifollowers_ch",1,1919,689,"True",False
"https://www.instagram.com/viridianaor","False","viridianaor",164,4433,1123,"True",False
"https://www.instagram.com/nature__dayz","True","nature__dayz",31,6984,4032,"True",False
"https://www.instagram.com/jasiko87","False","jasiko87",237,1579,2575,"True",False
"https://www.instagram.com/boniface_bonney","False","boniface_bonney",205,6239,1382,"True",False
"https://www.instagram.com/andreynavas","False","andreynavas",173,1122,706,"True",False
"https://www.instagram.com/the_cbas","False","the_cbas",291,2810,654,"True",False
"https://www.instagram.com/spacompanybkk","False","spacompanybkk",30,2219,1648,"True",False
"https://www.instagram.com/photographeronur.k","False","photographeronur.k",197,5611,8084,"True",False
"https://www.instagram.com/the_dorian_","False","the_dorian_",38,35,63,"True",False
"https://www.instagram.com/azrazu","False","azrazu",56,539,312,"True",False
"https://www.instagram.com/max_boninchi","False","max_boninchi",24,261,167,"True",False
"https://www.instagram.com/ayurveda.twist","False","ayurveda.twist",0,3,3,"True",False
"https://www.instagram.com/vamsport","False","vamsport",5,1458,155,"True",False
"https://www.instagram.com/cristi.an","False","cristi.an",506,893,3552,"True",False
"https://www.instagram.com/micol_fortini_98","False","micol_fortini_98",214,6847,6649,"True",False
"https://www.instagram.com/wonder__lavender","False","wonder__lavender",3,382,40,"True",False
"https://instagram.com/nabil_hamdann","False","nabil_hamdann",0,117,6,"True",True
"https://www.instagram.com/swissonfoot","False","swissonfoot",78,260,471,"True",False
"https://www.instagram.com/fathima_i","False","fathima_i",206,374,207,"True",False
"https://www.instagram.com/kellygbon","False","kellygbon",110,1893,788,"True",False
"https://www.instagram.com/rahelhelbling","False","rahelhelbling",82,175,87,"True",False
"https://www.instagram.com/bemoresolutions","False","bemoresolutions",96,911,775,"True",False
"https://www.instagram.com/yourswisseyes","False","yourswisseyes",52,1702,1269,"True",False
"https://www.instagram.com/picturesquedestinations","False","picturesquedestinations",55,2616,802,"True",False
"https://www.instagram.com/glenwould","False","glenwould",228,3546,959,"True",False
"https://www.instagram.com/anatolian71_kasif","False","anatolian71_kasif",61,3090,560,"True",False
"https://www.instagram.com/vienna_au","False","vienna_au",8,6754,8212,"True",False
"https://www.instagram.com/bellyblissful","False","bellyblissful",187,5429,5918,"True",False
"https://www.instagram.com/802traveler","False","802traveler",66,1825,465,"True",False
"https://instagram.com/fraumosimann","False","fraumosimann",1,353,171,"True",True
"https://www.instagram.com/pawelzalejski","False","pawelzalejski",112,175,18471,"True",False
"https://www.instagram.com/flos_photoheart","False","flos_photoheart",83,2833,816,"True",False
"https://www.instagram.com/nastyamiklyaeva_","False","nastyamiklyaeva_",50,3019,1144,"True",False
"https://www.instagram.com/gabyfive","False","gabyfive",334,843,539,"True",False
"https://www.instagram.com/zurlinden21restaurant","False","zurlinden21restaurant",97,866,429,"True",False
"https://instagram.com/lthsuan","False","lthsuan",86,156,6,"True",True
"https://www.instagram.com/bluesbea","False","bluesbea",59,312,1333,"True",False
"https://www.instagram.com/you.cef","False","you.cef",72,559,208,"True",False
"https://www.instagram.com/cindy_paschke","False","cindy_paschke",67,975,381,"True",False
"https://www.instagram.com/sheeatsshecooks","False","sheeatsshecooks",156,3774,13751,"True",False
"https://www.instagram.com/michelnakachephotographies","False","michelnakachephotographies",73,1291,218,"True",False
"https://www.instagram.com/christopher_michael_brown","False","christopher_michael_brown",122,5320,7060,"True",False
"https://www.instagram.com/_c_valencia_","False","_c_valencia_",27,314,44,"True",False
"https://www.instagram.com/schilo13","False","schilo13",167,1032,613,"True",False
"https://www.instagram.com/dr.maxbot","False","dr.maxbot",356,365,1509,"True",False
"https://www.instagram.com/stefanie_pisaniello","False","stefanie_pisaniello",124,468,242,"True",False
"https://www.instagram.com/gabririn","False","gabririn",70,1000,807,"True",False
"https://www.instagram.com/victordelahoz","False","victordelahoz",304,1367,5550,"True",False
"https://www.instagram.com/jk_greenway","False","jk_greenway",336,1652,3160,"True",False
"https://www.instagram.com/_streetography_","False","_streetography_",762,5391,3864,"True",False
"https://instagram.com/abgwa_","True","abgwa_",4,6040,1377,"True",True
"https://www.instagram.com/an3gosolo","False","an3gosolo",673,2731,572,"True",False
"https://www.instagram.com/fede.z62","False","fede.z62",73,707,1096,"True",False
"https://www.instagram.com/tefatzou84","False","tefatzou84",150,132,97,"True",False
"https://www.instagram.com/raphael.kis","False","raphael.kis",17,142,63,"True",False
"https://www.instagram.com/allow.the.beef","False","allow.the.beef",205,1677,574,"True",False
"https://www.instagram.com/paolocencioni","False","paolocencioni",327,766,337,"True",False
"https://www.instagram.com/joshreesdavies","False","joshreesdavies",47,3098,1770,"True",False
"https://www.instagram.com/worldnatureblogs","False","worldnatureblogs",87,6949,1097,"True",False
"https://www.instagram.com/jcadosch","False","jcadosch",57,785,1225,"True",False
"https://www.instagram.com/azmisphotography","False","azmisphotography",35,752,291,"True",False
"https://www.instagram.com/sha1lo_bw","False","sha1lo_bw",59,660,451,"True",False
"https://www.instagram.com/roger_buetler","False","roger_buetler",145,288,673,"True",False
"https://www.instagram.com/donatonunzi_ph","False","donatonunzi_ph",29,448,182,"True",False
"https://www.instagram.com/blackplatinumgold","False","blackplatinumgold",717,1163,1714,"True",False
"https://www.instagram.com/aaalibaba_","True","aaalibaba_",7,578,57,"True",False
"https://www.instagram.com/tilichesycachivaches_","False","tilichesycachivaches_",15,240,43,"True",False
"https://www.instagram.com/bnw_captures","False","bnw_captures",7953,279,55417,"True",False
"https://www.instagram.com/thatsthisfamily","False","thatsthisfamily",106,433,122,"True",False
"https://www.instagram.com/premiumlighter","False","premiumlighter",46,1963,1405,"True",False
"https://www.instagram.com/jeamarais","False","jeamarais",151,553,911,"True",False
"https://www.instagram.com/joemangrum","False","joemangrum",1903,5013,6482,"True",False
"https://www.instagram.com/year.1932","False","year.1932",12,431,82,"True",False
"https://www.instagram.com/vigvam_baby","False","vigvam_baby",10,5793,315,"True",False
"https://www.instagram.com/aquila_clockwork","False","aquila_clockwork",713,626,228,"True",False
"https://www.instagram.com/leela.green","False","leela.green",223,2148,315,"True",False
"https://www.instagram.com/tackleinnovation","False","tackleinnovation",83,5042,5332,"True",False
"https://www.instagram.com/monika.brunner","False","monika.brunner",125,376,164,"True",False
"https://www.instagram.com/holycannolieliquid","False","holycannolieliquid",47,583,942,"True",False
"https://www.instagram.com/sinivision","False","sinivision",36,49,44,"True",False
"https://instagram.com/jo.gallagher54","False","jo.gallagher54",237,796,173,"True",True
"https://www.instagram.com/angeliee123","True","angeliee123",0,2196,66,"True",False
"https://www.instagram.com/lofficielswitzerland","False","lofficielswitzerland",548,3190,14254,"True",False
"https://instagram.com/naama_karidi","False","naama_karidi",30,116,20,"True",True
"https://www.instagram.com/millennials.mtl","False","millennials.mtl",18,4804,1440,"True",False
"https://www.instagram.com/ximingche","True","ximingche",889,1593,146,"True",False
"https://www.instagram.com/meliandcinnamon","False","meliandcinnamon",642,709,461,"True",False
"https://instagram.com/mvg.fm","True","mvg.fm",0,6385,0,"False",True
"https://www.instagram.com/marshasbakeblog","False","marshasbakeblog",528,483,3577,"True",False
"https://www.instagram.com/sumikkocorner","False","sumikkocorner",349,7499,1407,"True",False
"https://www.instagram.com/stephcsnaps","False","stephcsnaps",64,5426,1021,"True",False
"https://www.instagram.com/paje1995","False","paje1995",9,3196,61,"True",False
"https://www.instagram.com/esyalarimcom","True","esyalarimcom",0,1325,18,"False",False
"https://instagram.com/dewi_01234","True","dewi_01234",0,1402,16,"False",True
"https://www.instagram.com/lu.sisi_beautylounge","False","lu.sisi_beautylounge",12,268,11002,"True",False
"https://instagram.com/antont12","False","antont12",0,338,1,"True",True
"https://www.instagram.com/daniellasilvercooks3","False","daniellasilvercooks3",602,713,3240,"True",False
"https://www.instagram.com/redolentcherry","False","redolentcherry",9,24,35,"True",False
"https://www.instagram.com/nails_deco2017","False","nails_deco2017",20,112,35,"True",False
"https://www.instagram.com/thedietdesserts","True","thedietdesserts",3,4904,2926,"True",False
"https://www.instagram.com/palmsandvibes","True","palmsandvibes",3,5612,5807,"True",False
"https://www.instagram.com/sogand.shahverdi69","True","sogand.shahverdi69",7,7464,1439,"True",False
"https://instagram.com/minnievicis","False","minnievicis",43,1156,81,"True",True
"https://www.instagram.com/mugcakesnl","False","mugcakesnl",43,446,487,"True",False
"https://www.instagram.com/laela200","True","laela200",0,1798,33,"False",False
"https://www.instagram.com/laurelstreetkitchen","False","laurelstreetkitchen",255,905,4832,"True",False
"https://instagram.com/samanthaajewett","False","samanthaajewett",139,51,28,"True",True
"https://instagram.com/savotage13","False","savotage13",78,1246,567,"True",True
"https://www.instagram.com/hotestagram","False","hotestagram",100,4831,781,"True",False
"https://www.instagram.com/eyeclothingco","False","eyeclothingco",1122,7237,11247,"True",False
"https://www.instagram.com/tbs_ch","False","tbs_ch",93,515,211,"True",False
"https://instagram.com/lnheu","False","lnheu",208,175,48,"True",True
"https://www.instagram.com/yowie6493","True","yowie6493",0,322,16,"False",False
"https://instagram.com/arwenbradley","False","arwenbradley",214,404,401,"True",True
"https://www.instagram.com/kokomarr7","False","kokomarr7",6,66,64,"True",False
"https://instagram.com/aena.e","False","aena.e",6,108,38,"True",True
"https://www.instagram.com/muayad_alatoom_","False","muayad_alatoom_",29,1405,630,"True",False
"https://www.instagram.com/lindakrkr","True","lindakrkr",1,2751,121,"False",False
"https://www.instagram.com/goodieshatyai","False","goodieshatyai",286,386,285,"True",False
"https://www.instagram.com/vjvictorjuliettebasel","False","vjvictorjuliettebasel",87,203,94,"True",False
"https://www.instagram.com/carlaaranburu","False","carlaaranburu",96,5321,6811,"True",False
"https://instagram.com/elisagaleotafiore","False","elisagaleotafiore",420,1618,1159,"True",True
"https://www.instagram.com/bucklesbury","False","bucklesbury",56,283,1080,"True",False
"https://instagram.com/aygvsx","False","aygvsx",36,551,859,"True",True
"https://www.instagram.com/bodefajana","False","bodefajana",10,3551,575,"True",False
"https://www.instagram.com/cesarmonroemakeup","False","cesarmonroemakeup",0,117,12,"True",False
"https://www.instagram.com/raceqabadaacc6154","False","raceqabadaacc6154",0,8,33,"True",False
"https://www.instagram.com/notshylausanne","False","notshylausanne",57,564,448,"True",False
"https://www.instagram.com/keithjayraphael_photographics","False","keithjayraphael_photographics",95,7332,2711,"True",False
"https://www.instagram.com/ownmydesignerbags","False","ownmydesignerbags",95,1311,339,"True",False
"https://www.instagram.com/dolomiteman","False","dolomiteman",176,4601,1532,"True",False
"https://instagram.com/ndp2305","False","ndp2305",187,466,157,"True",True
"https://www.instagram.com/bdavidfredeli","False","bdavidfredeli",0,516,177,"True",False
"https://www.instagram.com/the_c_edit","False","the_c_edit",258,297,910,"True",False
"https://www.instagram.com/gigikcm","False","gigikcm",313,628,223,"True",False
"https://www.instagram.com/keltontyrrelltan","False","keltontyrrelltan",1518,5456,2747,"True",False
"https://www.instagram.com/wooers_","False","wooers_",51,56,49,"True",False
"https://www.instagram.com/myartistcommunity_zurichhb","False","myartistcommunity_zurichhb",12,155,132,"True",False
"https://www.instagram.com/xjusgift","False","xjusgift",533,3051,3877,"True",False
"https://www.instagram.com/soulfulbeautyyy","False","soulfulbeautyyy",4,41,14,"True",False
"https://www.instagram.com/granddepotoutlet","False","granddepotoutlet",6,1011,177,"True",False
"https://www.instagram.com/marinou____","False","marinou____",49,286,354,"True",False
"https://www.instagram.com/jandu8809","False","jandu8809",25,618,89,"True",False
"https://www.instagram.com/jujuhatofficial","False","jujuhatofficial",8,69,22,"True",False
"https://www.instagram.com/alinka_bibikova","True","alinka_bibikova",107,3171,1384,"True",False
"https://www.instagram.com/apotik.payudara_sehat.08","False","apotik.payudara_sehat.08",105,7431,1628,"True",False
"https://www.instagram.com/teakwondo199452","False","teakwondo199452",24,4361,482,"True",False
"https://www.instagram.com/fashion_katibeyaz","False","fashion_katibeyaz",325,3951,7122,"True",False
"https://www.instagram.com/__mr__j__","False","__mr__j__",338,2864,23509,"True",False
"https://www.instagram.com/letspopupstore","False","letspopupstore",216,3003,631,"True",False
"https://www.instagram.com/kwaltherphoto","False","kwaltherphoto",528,2824,1459,"True",False
"https://www.instagram.com/nsordelli","False","nsordelli",145,1415,4511,"True",False
"https://www.instagram.com/dema.yo","False","dema.yo",65,2661,899,"True",False
"https://www.instagram.com/tinkytee","False","tinkytee",1208,891,1734,"True",False
"https://www.instagram.com/andrinschar","False","andrinschar",0,372,43,"True",False
"https://www.instagram.com/mansoncushan","False","mansoncushan",85,7398,681,"True",False
"https://www.instagram.com/asn_vibe","True","asn_vibe",8,6878,701,"True",False
"https://www.instagram.com/stellaluce","False","stellaluce",3079,1881,7460,"True",False
"https://www.instagram.com/mohee_accessories","False","mohee_accessories",124,1449,7044,"True",False
"https://instagram.com/toros0134","True","toros0134",0,2435,100,"True",True
"https://www.instagram.com/adler3368","False","adler3368",15,1809,175,"True",False
"https://instagram.com/biankies02","False","biankies02",34,2186,1063,"True",True
"https://www.instagram.com/san.blonde","False","san.blonde",232,225,674,"True",False
"https://www.instagram.com/dr.shiramortammam","False","dr.shiramortammam",128,4769,540,"True",False
"https://www.instagram.com/ikeaschweiz","False","ikeaschweiz",295,73,4895,"True",False
"https://www.instagram.com/claudiabortiz","False","claudiabortiz",181,884,1931,"True",False
"https://instagram.com/indra.yasemin","False","indra.yasemin",16,156,120,"True",True
"https://www.instagram.com/vadellapictures__","False","vadellapictures__",36,277,203,"True",False
"https://www.instagram.com/hajdari.sonja","False","hajdari.sonja",131,243,202,"True",False
"https://www.instagram.com/renardpolaire","False","renardpolaire",132,739,205,"True",False
"https://instagram.com/julia_almeida_barbosa25","False","julia_almeida_barbosa25",53,1650,255,"True",True
"https://www.instagram.com/village_clicks","False","village_clicks",8,75,65,"True",False
"https://www.instagram.com/traumding","False","traumding",92,2481,2676,"True",False
"https://www.instagram.com/femininedreamer","False","femininedreamer",36,3369,1131,"True",False
"https://www.instagram.com/itssimea","False","itssimea",216,265,455,"True",False
"https://www.instagram.com/rafa_andhiscamera","False","rafa_andhiscamera",144,1588,10341,"True",False
"https://instagram.com/simplelife.91","False","simplelife.91",4,135,146,"True",True
"https://www.instagram.com/lensembledujour","False","lensembledujour",162,2281,2646,"True",False
"https://instagram.com/hauriiip","False","hauriiip",18,442,56,"True",True
"https://www.instagram.com/corinne.dumas","False","corinne.dumas",311,1654,69292,"True",False
"https://www.instagram.com/mini7179","True","mini7179",1,80,17,"True",False
"https://www.instagram.com/fashion.mluna","False","fashion.mluna",563,1497,522,"True",False
"https://www.instagram.com/michaelmayer2017","False","michaelmayer2017",31,3013,186,"True",False
"https://www.instagram.com/alessandrocarpinteri","False","alessandrocarpinteri",53,946,213,"True",False
"https://www.instagram.com/citybootcamp_chemnitz","False","citybootcamp_chemnitz",60,7499,2086,"True",False
"https://www.instagram.com/jane_astrid96","False","jane_astrid96",92,1371,384,"True",False
"https://www.instagram.com/be_mirco","False","be_mirco",355,3876,1927,"True",False
"https://www.instagram.com/alina.niermann","False","alina.niermann",463,1221,2113,"True",False
"https://www.instagram.com/fashionnstylish","False","fashionnstylish",132,1752,593,"True",False
"https://www.instagram.com/fitswisss","False","fitswisss",94,229,369,"True",False
"https://www.instagram.com/suzysquats","False","suzysquats",145,4530,4501,"True",False
"https://instagram.com/goodoldparislove","False","goodoldparislove",161,521,202,"True",True
"https://www.instagram.com/itsjessiezeng","False","itsjessiezeng",313,1496,18990,"True",False
"https://www.instagram.com/blend_russia","False","blend_russia",80,7176,2339,"True",False
"https://www.instagram.com/isacosmetics","False","isacosmetics",1092,541,3542,"True",False
"https://www.instagram.com/stefaniewirnshofer_pr","False","stefaniewirnshofer_pr",131,837,508,"True",False
"https://www.instagram.com/der_shredder","False","der_shredder",173,295,13011,"True",False
"https://www.instagram.com/janphilipp5998","False","janphilipp5998",51,114,814,"True",False
"https://www.instagram.com/lennart_nred","False","lennart_nred",2,129,133,"True",False
"https://www.instagram.com/chaseeet","False","chaseeet",1889,578,334,"True",False
"https://www.instagram.com/nanaranoy","False","nanaranoy",147,1160,1064,"True",False
"https://www.instagram.com/christiansargsyan","False","christiansargsyan",4,119,79,"True",False
"https://instagram.com/eat_fit_balance","False","eat_fit_balance",190,3975,470,"True",True
"https://www.instagram.com/napolion_mariadass","False","napolion_mariadass",265,547,1288,"True",False
"https://instagram.com/guiasouzad93","False","guiasouzad93",139,714,255,"True",True
"https://www.instagram.com/jan_z27","False","jan_z27",3,22,55,"True",False
"https://www.instagram.com/jessi_kundsoweiter","False","jessi_kundsoweiter",106,321,184,"True",False
"https://www.instagram.com/maxsyms","False","maxsyms",349,5628,1133,"True",False
"https://www.instagram.com/herbieking12","False","herbieking12",33,5120,709,"True",False
"https://www.instagram.com/eschalklen","False","eschalklen",0,33,19,"True",False
"https://www.instagram.com/gabrielnoll88","False","gabrielnoll88",43,748,1082,"True",False
"https://www.instagram.com/giroux2635","False","giroux2635",163,355,75,"True",False
"https://www.instagram.com/michael_sanchez1516","True","michael_sanchez1516",4,1407,145,"True",False
"https://www.instagram.com/ben.gabriel10","False","ben.gabriel10",0,15,3,"True",False
"https://www.instagram.com/fashionutrition","False","fashionutrition",10,230,7974,"True",False
"https://instagram.com/fitsupremetop","False","fitsupremetop",1,601,17,"True",True
"https://instagram.com/mrtee34","True","mrtee34",4336,5972,393,"True",True
"https://www.instagram.com/pluem_zathura14625","True","pluem_zathura14625",2,741,226,"True",False
"https://www.instagram.com/donnnie5155","True","donnnie5155",0,1181,177,"True",False
"https://www.instagram.com/noman._.bu","False","noman._.bu",23,326,470,"True",False
"https://www.instagram.com/la_sabata_","False","la_sabata_",39,336,130,"True",False
"https://instagram.com/ahmed.marias","False","ahmed.marias",224,1373,593,"True",True
"https://www.instagram.com/clarag_fit","False","clarag_fit",138,409,8014,"True",False
"https://instagram.com/ivo_weickert","False","ivo_weickert",8,540,404,"True",True
"https://www.instagram.com/soushi33","False","soushi33",101,639,116,"True",False
"https://www.instagram.com/kimy_boss","False","kimy_boss",32,2849,2103,"True",False
"https://www.instagram.com/lewon_fcb","False","lewon_fcb",135,899,183,"True",False
"https://www.instagram.com/nfrndly","True","nfrndly",1,2607,198,"True",False
"https://www.instagram.com/rathod1978.pr","False","rathod1978.pr",6,806,195,"True",False
"https://www.instagram.com/philenphitness","False","philenphitness",19,1075,309,"True",False
"https://instagram.com/mokessler","False","mokessler",13,154,53,"True",True
"https://www.instagram.com/deepak_7feb","False","deepak_7feb",11,131,122,"True",False
"https://www.instagram.com/igyzg","False","igyzg",6,191,5488,"True",False
"https://instagram.com/eserra04_pottermore","False","eserra04_pottermore",9,806,127,"True",True
"https://www.instagram.com/movewith.millie","False","movewith.millie",129,4246,1134,"True",False
"https://www.instagram.com/snickle","False","snickle",2525,4223,1132,"True",False
"https://www.instagram.com/lestendancesdemma","False","lestendancesdemma",398,406,17849,"True",False
"https://www.instagram.com/peternguyent","False","peternguyent",47,880,1253,"True",False
"https://www.instagram.com/kraftbierwerkstatt","False","kraftbierwerkstatt",118,395,360,"True",False
"https://instagram.com/sydneylattimore","False","sydneylattimore",469,1065,1013,"True",True
"https://instagram.com/leila123","False","leila123",86,280,25,"True",True
"https://www.instagram.com/n.20.p","False","n.20.p",1168,77,196,"True",False
"https://www.instagram.com/angelina.candy","False","angelina.candy",1203,2001,682,"True",False
"https://instagram.com/bravo.mariaelena","True","bravo.mariaelena",2,1798,143,"True",True
"https://www.instagram.com/grace.foodstories","False","grace.foodstories",33,307,312,"True",False
"https://www.instagram.com/zoomin.insta","False","zoomin.insta",39,4277,1539,"True",False
"https://www.instagram.com/zelcainese","False","zelcainese",246,349,136,"True",False
"https://instagram.com/alexis.511","False","alexis.511",2,492,179,"True",True
"https://instagram.com/linesoo","False","linesoo",0,56,0,"True",True
"https://instagram.com/daniellewoolley","False","daniellewoolley",1301,782,192,"True",True
"https://www.instagram.com/gadgetfoto_gastrophotographer","False","gadgetfoto_gastrophotographer",10,37,15,"True",False
"https://www.instagram.com/lim_limes","False","lim_limes",40,654,746,"True",False
"https://www.instagram.com/jhon.freire1","False","jhon.freire1",112,7303,2432,"True",False
"https://www.instagram.com/siendo_verde","False","siendo_verde",21,4908,592,"True",False
"https://www.instagram.com/mimi.mimi.gt","False","mimi.mimi.gt",5,140,44,"True",False
"https://www.instagram.com/munchtohealth","False","munchtohealth",13,128,73,"True",False
"https://www.instagram.com/oh.pepper","False","oh.pepper",838,399,3856,"True",False
"https://instagram.com/convinced__","False","convinced__",5,70,16,"True",True
"https://www.instagram.com/mafimed","False","mafimed",14,1704,321,"True",False
"https://www.instagram.com/mrs.moni_que","False","mrs.moni_que",95,926,2118,"True",False
"https://www.instagram.com/crumbsbylu","False","crumbsbylu",48,319,139,"True",False
"https://www.instagram.com/drinkthateatthis","False","drinkthateatthis",303,960,2555,"True",False
"https://www.instagram.com/oleacon_official","False","oleacon_official",14,529,438,"True",False
"https://www.instagram.com/andreaoltenacu","False","andreaoltenacu",36,142,68,"True",False
"https://instagram.com/gg24","False","gg24",336,485,107,"True",True
"https://www.instagram.com/carolinagomesdasilva","False","carolinagomesdasilva",6515,923,55564,"True",False
"https://www.instagram.com/coolsweetscompany","False","coolsweetscompany",96,526,1458,"True",False
"https://www.instagram.com/accessortiles","False","accessortiles",0,28,3,"True",False
"https://www.instagram.com/zsazsaisabella","False","zsazsaisabella",73,1069,772,"True",False
"https://www.instagram.com/thehappyceliac","False","thehappyceliac",15,1131,773,"True",False
"https://www.instagram.com/fuel_ur_fit","False","fuel_ur_fit",70,3932,962,"True",False
"https://www.instagram.com/carmenholder_daretolive","False","carmenholder_daretolive",606,1506,648,"True",False
"https://www.instagram.com/vegwanderer","False","vegwanderer",74,1226,286,"True",False
"https://www.instagram.com/mikulichkate","False","mikulichkate",45,7352,2264,"True",False
"https://www.instagram.com/the.frisky.hobos","False","the.frisky.hobos",111,4724,1735,"True",False
"https://www.instagram.com/vegetariandude","False","vegetariandude",810,6274,10288,"True",False
"https://instagram.com/michelejentges","False","michelejentges",4,537,1,"True",True
"https://www.instagram.com/_nameyer","False","_nameyer",37,658,1139,"True",False
"https://instagram.com/celine_c21","False","celine_c21",59,190,81,"True",True
"https://www.instagram.com/find_the_fun_","False","find_the_fun_",120,280,156,"True",False
"https://www.instagram.com/andreea_miron","False","andreea_miron",178,678,746,"True",False
"https://www.instagram.com/francy84b","False","francy84b",432,927,12636,"True",False
"https://www.instagram.com/proektkd","False","proektkd",558,4800,8846,"True",False
"https://instagram.com/fluribardill","False","fluribardill",14,390,261,"True",True
"https://www.instagram.com/sebastian.rehefeldt","False","sebastian.rehefeldt",1,20,12,"True",False
"https://www.instagram.com/swag___de_poule","True","swag___de_poule",8,6485,690,"True",False
"https://www.instagram.com/mezzerie","False","mezzerie",9,55,180,"True",False
"https://instagram.com/mrs_a_lee","False","mrs_a_lee",71,373,37,"True",True
"https://www.instagram.com/fifothebarbero","False","fifothebarbero",238,3535,1259,"True",False
"https://www.instagram.com/planetnara","False","planetnara",2065,567,1271,"True",False
"https://www.instagram.com/samer.ss3763","True","samer.ss3763",3391,748,3157,"True",False
"https://instagram.com/uepa_ela","False","uepa_ela",3,268,58,"True",True
"https://www.instagram.com/mirjamrts","False","mirjamrts",63,517,453,"True",False
"https://www.instagram.com/binzundkunz","False","binzundkunz",14,36,142,"True",False
"https://www.instagram.com/aragonhbl","False","aragonhbl",80,648,820,"True",False
"https://www.instagram.com/feast365","False","feast365",1744,3772,5819,"True",False
"https://www.instagram.com/bluebboat","False","bluebboat",3,496,97,"True",False
"https://www.instagram.com/lelinilife","False","lelinilife",72,4853,4583,"True",False
"https://www.instagram.com/healthchallenge_operacionsalud","False","healthchallenge_operacionsalud",56,1909,643,"True",False
"https://www.instagram.com/zulccm","False","zulccm",526,548,285,"True",False
"https://www.instagram.com/cookingmakesfriends","False","cookingmakesfriends",17,310,175,"True",False
"https://www.instagram.com/acalasuisse","False","acalasuisse",25,226,108,"True",False
"https://www.instagram.com/_anardg_","False","_anardg_",905,1833,599,"True",False
"https://www.instagram.com/balance_raw","False","balance_raw",104,1310,596,"True",False
"https://www.instagram.com/orasuldevanilie.ro","False","orasuldevanilie.ro",78,1272,271,"True",False
"https://www.instagram.com/whatevergoesisa","False","whatevergoesisa",847,604,133,"True",False
"https://www.instagram.com/cannusoculus","False","cannusoculus",0,32,11,"True",False
"https://www.instagram.com/stefan_stoeckler","False","stefan_stoeckler",1,58,150,"True",False
"https://www.instagram.com/egoka","False","egoka",1380,572,536,"True",False
"https://instagram.com/amybutnotpond11","False","amybutnotpond11",118,216,23,"True",True
"https://www.instagram.com/clairington","False","clairington",751,1447,574,"True",False
"https://www.instagram.com/flyleafcontent","False","flyleafcontent",8,104,27,"True",False
"https://instagram.com/alyssa_ashlea","False","alyssa_ashlea",385,421,145,"True",True
"https://www.instagram.com/andaerobsa","False","andaerobsa",0,32,1,"True",False
"https://www.instagram.com/pencilmountainstudio","False","pencilmountainstudio",73,427,1057,"True",False
"https://www.instagram.com/studioantonioperazzi","False","studioantonioperazzi",611,871,604,"True",False
"https://www.instagram.com/studiofranzwalter","False","studiofranzwalter",44,433,126,"True",False
"https://www.instagram.com/sako_artist","False","sako_artist",37,885,696,"True",False
"https://www.instagram.com/ibekbu","False","ibekbu",4064,2009,11708,"True",False
"https://www.instagram.com/j__soraya","False","j__soraya",49,305,77,"True",False
"https://www.instagram.com/hawkinsloop","False","hawkinsloop",301,929,264,"True",False
"https://instagram.com/hannah_alice","False","hannah_alice",231,1032,465,"True",True
"https://instagram.com/neetspeets","False","neetspeets",321,250,176,"True",True
"https://www.instagram.com/morrisdavida2","False","morrisdavida2",1,202,14,"True",False
"https://www.instagram.com/smadmit","False","smadmit",482,2639,41399,"True",False
"https://www.instagram.com/babalash","False","babalash",77,420,20,"True",False
"https://instagram.com/bellabiz2","False","bellabiz2",81,255,144,"True",True
"https://www.instagram.com/isaisarodrigues","False","isaisarodrigues",155,395,208,"True",False
"https://www.instagram.com/brightside_chi","False","brightside_chi",29,465,157,"True",False
"https://www.instagram.com/creativemorningsbuf","False","creativemorningsbuf",236,166,1057,"True",False
"https://instagram.com/sunjinita","False","sunjinita",0,81,0,"True",True
"https://www.instagram.com/atolyeist","False","atolyeist",636,7500,14483,"True",False
"https://instagram.com/shku","False","shku",157,503,181,"True",True
"https://www.instagram.com/conner.bailey_","False","conner.bailey_",82,638,339,"True",False
"https://www.instagram.com/brigittemode","False","brigittemode",87,273,57,"True",False
"https://www.instagram.com/calamancho","False","calamancho",421,999,2015,"True",False
"https://instagram.com/courey_chan","False","courey_chan",700,962,566,"True",True
"https://instagram.com/martaj.lamsfus","False","martaj.lamsfus",1,234,18,"True",True
"https://www.instagram.com/art_of_travels","False","art_of_travels",771,4639,24803,"True",False
"https://www.instagram.com/ezgeey","False","ezgeey",1466,636,403,"True",False
"https://www.instagram.com/fromscratchclub","False","fromscratchclub",2696,519,1136,"True",False
"https://www.instagram.com/ozgeavar","False","ozgeavar",691,684,335,"True",False
"https://www.instagram.com/skeventspr","False","skeventspr",1267,2277,1404,"True",False
"https://instagram.com/she.who.dares","False","she.who.dares",316,105,47,"True",True
"https://www.instagram.com/studiopatten","False","studiopatten",602,761,1722,"True",False
"https://www.instagram.com/justbesteveo","False","justbesteveo",358,558,196,"True",False
"https://www.instagram.com/vais4bloggers","False","vais4bloggers",540,2256,1847,"True",False
"https://www.instagram.com/ran_park_grafik","False","ran_park_grafik",46,438,112,"True",False
